gen_tokens,bins,mean_ratio,p50_ratio,p95_ratio,p99_ratio
128,2,0.8005177694563909,0.6516192227600683,0.8333698356412316,0.8147550185541683
256,2,0.8104551693450197,0.658157346976435,0.8621565775202824,0.8512724448962108
512,2,0.8219173936631199,0.7513717411660967,0.8899579009758285,0.8738570353960904
1024,2,0.8831949288202972,0.8645011393257598,0.8843442928619558,0.9095536428698098
