engine,mode,decode_ms_intercept,decode_ms_per_token_slope,r2
nano,kv_cache,-3924.287415257046,53.55962365321829,0.5270367094637081
nano,no_cache,-69910.85788181314,517.3322095404056,0.6681358269080633
tau,kv_cache,-2553.7037663902734,43.595359704947484,0.4854845240167365
tau,no_cache,-76133.9420428414,599.2137202991122,0.7135869171461506
