gen_tokens,n,tps_speedup_mean,total_ms_speedup_mean,ttft_speedup_mean,p50_speedup_mean,p95_speedup_mean,rss_after_ratio_mean
128,2,0.7782794383041846,0.778183644767878,0.7848742476427741,0.7806796087736042,0.7601567891374401,0.972944980945375
256,2,0.7815627425375236,0.7815433186908864,0.7832668101387907,0.7830311347347692,0.7601199223011728,0.9740177862341937
512,1,0.7309616280338198,0.730913705309329,0.7306490262107641,0.7302976143166102,0.7299900978215754,0.9080835965484244
1024,2,0.8369964160412633,0.8370105284546134,0.8189606026439086,0.8240995292821787,0.8724166405855571,0.9526768774444137
