gen_tokens,p50_ratio_mean,p95_ratio_mean,bins
128,1.213562884918207,1.2355112025717163,2
