engine,gen_tokens,n,tps_gain_mean,ttft_gain_mean,decode_ms_gain_mean,total_ms_gain_mean,rss_after_ratio_mean,rss_after_increase_frac_mean,rss_delta_ratio_mean
nano,128,2,5.300874593843248,4.72465943676501,5.294351768596529,1.4656183143570733,1.0403003764080934,0.0403003764080934,1.7269986955573413
nano,256,2,6.212623049340321,5.05654979574811,6.209179575664062,2.7480980576801572,1.0770258039013971,0.07702580390139695,1.4173764990857247
nano,512,1,8.234615977324161,6.236617419069266,8.232238004856418,5.325840664781694,1.1075060758228823,0.1075060758228823,1.2990635074970576
nano,1024,2,10.092035301905952,5.2072838505694135,10.084222901821816,7.98654879687017,1.0618867043190292,0.06188670431902921,0.4978714696601144
tau,128,2,7.8341004189440895,7.171306608701778,7.8306663407266575,2.055609112949405,1.0012638194160486,0.0012638194160485001,181.25
tau,256,2,9.569284699489504,7.756684405992706,9.559920485205643,4.000648481680377,1.0127733071712912,0.012773307171291302,3.88078236573941e-05
tau,512,1,14.368011123929,9.644422891512836,14.358323530789932,8.75715452576568,1.02783100903144,0.0278310090314399,0.224914277101624
tau,1024,2,15.599567350382545,7.077790538635384,15.580338802748694,11.889236373979733,1.000149607793603,0.00014960779360284542,30.33333333333333
