gen_tokens,n,tps_speedup_mean,total_ms_speedup_mean,ttft_speedup_mean,p50_speedup_mean,p95_speedup_mean,rss_after_ratio_mean
128,2,1.1117696398065378,1.0544212193593467,1.1513871180822453,1.115723173400842,1.1139021528478104,0.9382939394326063
256,2,1.1614821743669723,1.0953726123340108,1.1396750521257553,1.1607108864994011,1.1923329635028215,0.9185282309044613
512,1,1.275404321425072,1.2018242124140075,1.1298894449581742,1.282847451459659,1.3106022329177898,0.8427551773309936
1024,2,1.2559628861816727,1.208054271909615,1.0809085593900638,1.2527166296847332,1.3537526310761996,0.8971038786428875
