mode,gen_tokens,n,tps_speedup_mean,tps_speedup_min,tps_speedup_max,total_ms_speedup_mean,ttft_speedup_mean,p50_tok_speedup_mean,p95_tok_speedup_mean,rss_after_ratio_mean,rss_after_saving_frac_mean
kv_cache,128,2,1.1117696398065378,1.055287100923869,1.1682521786892064,1.0544212193593467,1.1513871180822453,1.115723173400842,1.1139021528478104,0.9382939394326063,0.0617060605673937
kv_cache,256,2,1.1614821743669723,1.0890136026170183,1.2339507461169266,1.0953726123340108,1.1396750521257553,1.1607108864994011,1.1923329635028215,0.9185282309044613,0.0814717690955387
kv_cache,512,1,1.275404321425072,1.275404321425072,1.275404321425072,1.2018242124140075,1.1298894449581742,1.282847451459659,1.3106022329177898,0.8427551773309936,0.1572448226690064
kv_cache,1024,2,1.2559628861816727,1.1789476138732529,1.3329781584900926,1.208054271909615,1.0809085593900638,1.2527166296847332,1.3537526310761996,0.8971038786428875,0.10289612135711246
no_cache,128,2,0.7782794383041846,0.7113263698430297,0.8452325067653395,0.778183644767878,0.7848742476427741,0.7806796087736042,0.7601567891374401,0.972944980945375,0.027055019054625
no_cache,256,2,0.7815627425375236,0.6985316815247301,0.8645938035503169,0.7815433186908864,0.7832668101387907,0.7830311347347692,0.7601199223011728,0.9740177862341937,0.02598221376580625
no_cache,512,1,0.7309616280338198,0.7309616280338198,0.7309616280338198,0.730913705309329,0.7306490262107641,0.7302976143166102,0.7299900978215754,0.9080835965484244,0.0919164034515755
no_cache,1024,2,0.8369964160412633,0.7836457310547974,0.8903471010277293,0.8370105284546134,0.8189606026439086,0.8240995292821787,0.8724166405855571,0.9526768774444137,0.0473231225555862
