mode,gen_tokens,pairs,speedup_mean,speedup_p10,speedup_p50,speedup_p90,speedup_p95,speedup_p99
kv_cache,1024,221184,1.7250739,0.26067721247673037,1.2239736318588257,4.969801759719849,5.283850121498108,5.667363409996032
kv_cache,2048,12288,1.7205877,1.3919477343559266,1.7532296776771545,1.9803999423980716,2.0361948132514955,2.138449194431305
no_cache,1024,221184,0.92389876,0.28388031721115115,0.7400134801864624,2.1768508195877074,2.2786697864532455,2.793989129066466
no_cache,2048,12288,0.8861405,0.8197439610958099,0.8863813281059265,0.944454550743103,0.9576902985572815,1.0360963356494903
